quartile,countries,deaths_sum,deaths_share
Q1 (0-25%),56,1709.0,5.229086141468351e-05
Q2 (25-50%),56,29127.0,0.0008912088475280787
Q3 (50-75%),55,222593.0,0.006810754660549237
Q4 (75-100%),56,32429146.0,0.992245745630508
