quartile,events,deaths_sum,deaths_share
Q1 (0-25%),3395,9933.0,0.0003039234209666772
Q2 (25-50%),2784,32812.0,0.0010039600612864806
Q3 (50-75%),3087,106709.0,0.003265012013282307
Q4 (75-100%),3066,32533121.0,0.9954271045044646
